"date","subregion","Inzidenzstufe 0 (höchstens 10)","Inzidenzstufe 1 (von 10,1 bis 35)","Inzidenzstufe 2 (von 35,1 bis 50)","Inzidenzstufe 3 (über 50)"
"2021-07-24","Städteregion Aachen","0","1","0","0"
"2021-07-24","Bielefeld","1","0","0","0"
"2021-07-24","Bochum","1","0","0","0"
"2021-07-24","Bonn","1","0","0","0"
"2021-07-24","Borken","0","1","0","0"
"2021-07-24","Bottrop","1","0","0","0"
"2021-07-24","Coesfeld","1","0","0","0"
"2021-07-24","Dortmund","1","0","0","0"
"2021-07-24","Duisburg","1","0","0","0"
"2021-07-24","Düren","0","1","0","0"
"2021-07-24","Düsseldorf","0","1","0","0"
"2021-07-24","Ennepe-Ruhr-Kreis","1","0","0","0"
"2021-07-24","Essen","1","0","0","0"
"2021-07-24","Euskirchen","1","0","0","0"
"2021-07-24","Gelsenkirchen","1","0","0","0"
"2021-07-24","Gütersloh","1","0","0","0"
"2021-07-24","Hagen","1","0","0","0"
"2021-07-24","Hamm","0","1","0","0"
"2021-07-24","Heinsberg","1","0","0","0"
"2021-07-24","Herford","1","0","0","0"
"2021-07-24","Herne","1","0","0","0"
"2021-07-24","Hochsauerlandkreis","1","0","0","0"
"2021-07-24","Höxter","1","0","0","0"
"2021-07-24","Kleve","1","0","0","0"
"2021-07-24","Köln","0","1","0","0"
"2021-07-24","Krefeld","0","1","0","0"
"2021-07-24","Leverkusen","0","1","0","0"
"2021-07-24","Lippe","1","0","0","0"
"2021-07-24","Märkischer Kreis","1","0","0","0"
"2021-07-24","Mettmann","1","0","0","0"
"2021-07-24","Minden-Lübbecke","0","1","0","0"
"2021-07-24","Mönchengladbach","1","0","0","0"
"2021-07-24","Mülheim an der Ruhr","1","0","0","0"
"2021-07-24","Münster","0","1","0","0"
"2021-07-24","Oberbergischer Kreis","0","1","0","0"
"2021-07-24","Oberhausen","0","1","0","0"
"2021-07-24","Olpe","1","0","0","0"
"2021-07-24","Paderborn","1","0","0","0"
"2021-07-24","Recklinghausen","1","0","0","0"
"2021-07-24","Remscheid","1","0","0","0"
"2021-07-24","Rhein-Erft-Kreis","1","0","0","0"
"2021-07-24","Rheinisch-Bergischer Kreis","1","0","0","0"
"2021-07-24","Rhein-Kreis Neuss","0","1","0","0"
"2021-07-24","Rhein-Sieg-Kreis","1","0","0","0"
"2021-07-24","Siegen-Wittgenstein","1","0","0","0"
"2021-07-24","Soest","1","0","0","0"
"2021-07-24","Solingen","0","1","0","0"
"2021-07-24","Steinfurt","1","0","0","0"
"2021-07-24","Unna","1","0","0","0"
"2021-07-24","Viersen","1","0","0","0"
"2021-07-24","Warendorf","1","0","0","0"
"2021-07-24","Wesel","1","0","0","0"
"2021-07-24","Wuppertal","1","0","0","0"
"2021-07-26","Städteregion Aachen","0","1","0","0"
"2021-07-26","Bielefeld","1","0","0","0"
"2021-07-26","Bochum","1","0","0","0"
"2021-07-26","Bonn","1","0","0","0"
"2021-07-26","Borken","0","1","0","0"
"2021-07-26","Bottrop","1","0","0","0"
"2021-07-26","Coesfeld","1","0","0","0"
"2021-07-26","Dortmund","1","0","0","0"
"2021-07-26","Duisburg","1","0","0","0"
"2021-07-26","Düren","0","1","0","0"
"2021-07-26","Düsseldorf","0","1","0","0"
"2021-07-26","Ennepe-Ruhr-Kreis","1","0","0","0"
"2021-07-26","Essen","1","0","0","0"
"2021-07-26","Euskirchen","1","0","0","0"
"2021-07-26","Gelsenkirchen","1","0","0","0"
"2021-07-26","Gütersloh","1","0","0","0"
"2021-07-26","Hagen","1","0","0","0"
"2021-07-26","Hamm","0","1","0","0"
"2021-07-26","Heinsberg","1","0","0","0"
"2021-07-26","Herford","1","0","0","0"
"2021-07-26","Herne","1","0","0","0"
"2021-07-26","Hochsauerlandkreis","1","0","0","0"
"2021-07-26","Höxter","0","1","0","0"
"2021-07-26","Kleve","0","1","0","0"
"2021-07-26","Köln","0","1","0","0"
"2021-07-26","Krefeld","0","1","0","0"
"2021-07-26","Leverkusen","0","1","0","0"
"2021-07-26","Lippe","1","0","0","0"
"2021-07-26","Märkischer Kreis","1","0","0","0"
"2021-07-26","Mettmann","1","0","0","0"
"2021-07-26","Minden-Lübbecke","0","1","0","0"
"2021-07-26","Mönchengladbach","1","0","0","0"
"2021-07-26","Mülheim an der Ruhr","1","0","0","0"
"2021-07-26","Münster","0","1","0","0"
"2021-07-26","Oberbergischer Kreis","0","1","0","0"
"2021-07-26","Oberhausen","0","1","0","0"
"2021-07-26","Olpe","1","0","0","0"
"2021-07-26","Paderborn","1","0","0","0"
"2021-07-26","Recklinghausen","1","0","0","0"
"2021-07-26","Remscheid","1","0","0","0"
"2021-07-26","Rhein-Erft-Kreis","1","0","0","0"
"2021-07-26","Rheinisch-Bergischer Kreis","1","0","0","0"
"2021-07-26","Rhein-Kreis Neuss","0","1","0","0"
"2021-07-26","Rhein-Sieg-Kreis","1","0","0","0"
"2021-07-26","Siegen-Wittgenstein","1","0","0","0"
"2021-07-26","Soest","1","0","0","0"
"2021-07-26","Solingen","0","0","1","0"
"2021-07-26","Steinfurt","1","0","0","0"
"2021-07-26","Unna","1","0","0","0"
"2021-07-26","Viersen","1","0","0","0"
"2021-07-26","Warendorf","1","0","0","0"
"2021-07-26","Wesel","1","0","0","0"
"2021-07-26","Wuppertal","1","0","0","0"
"2021-07-27","Städteregion Aachen","0","1","0","0"
"2021-07-27","Bielefeld","1","0","0","0"
"2021-07-27","Bochum","0","1","0","0"
"2021-07-27","Bonn","1","0","0","0"
"2021-07-27","Borken","0","1","0","0"
"2021-07-27","Bottrop","1","0","0","0"
"2021-07-27","Coesfeld","1","0","0","0"
"2021-07-27","Dortmund","1","0","0","0"
"2021-07-27","Duisburg","1","0","0","0"
"2021-07-27","Düren","0","1","0","0"
"2021-07-27","Düsseldorf","0","0","1","0"
"2021-07-27","Ennepe-Ruhr-Kreis","1","0","0","0"
"2021-07-27","Essen","1","0","0","0"
"2021-07-27","Euskirchen","1","0","0","0"
"2021-07-27","Gelsenkirchen","1","0","0","0"
"2021-07-27","Gütersloh","1","0","0","0"
"2021-07-27","Hagen","0","1","0","0"
"2021-07-27","Hamm","0","1","0","0"
"2021-07-27","Heinsberg","1","0","0","0"
"2021-07-27","Herford","1","0","0","0"
"2021-07-27","Herne","1","0","0","0"
"2021-07-27","Hochsauerlandkreis","1","0","0","0"
"2021-07-27","Höxter","0","1","0","0"
"2021-07-27","Kleve","0","1","0","0"
"2021-07-27","Köln","0","1","0","0"
"2021-07-27","Krefeld","0","1","0","0"
"2021-07-27","Leverkusen","0","1","0","0"
"2021-07-27","Lippe","1","0","0","0"
"2021-07-27","Märkischer Kreis","1","0","0","0"
"2021-07-27","Mettmann","0","1","0","0"
"2021-07-27","Minden-Lübbecke","0","1","0","0"
"2021-07-27","Mönchengladbach","1","0","0","0"
"2021-07-27","Mülheim an der Ruhr","1","0","0","0"
"2021-07-27","Münster","0","1","0","0"
"2021-07-27","Oberbergischer Kreis","0","1","0","0"
"2021-07-27","Oberhausen","0","1","0","0"
"2021-07-27","Olpe","1","0","0","0"
"2021-07-27","Paderborn","1","0","0","0"
"2021-07-27","Recklinghausen","0","1","0","0"
"2021-07-27","Remscheid","1","0","0","0"
"2021-07-27","Rhein-Erft-Kreis","1","0","0","0"
"2021-07-27","Rheinisch-Bergischer Kreis","1","0","0","0"
"2021-07-27","Rhein-Kreis Neuss","0","1","0","0"
"2021-07-27","Rhein-Sieg-Kreis","1","0","0","0"
"2021-07-27","Siegen-Wittgenstein","1","0","0","0"
"2021-07-27","Soest","1","0","0","0"
"2021-07-27","Solingen","0","0","1","0"
"2021-07-27","Steinfurt","1","0","0","0"
"2021-07-27","Unna","1","0","0","0"
"2021-07-27","Viersen","1","0","0","0"
"2021-07-27","Warendorf","1","0","0","0"
"2021-07-27","Wesel","1","0","0","0"
"2021-07-27","Wuppertal","1","0","0","0"
"2021-07-28","Städteregion Aachen","0","1","0","0"
"2021-07-28","Bielefeld","1","0","0","0"
"2021-07-28","Bochum","0","1","0","0"
"2021-07-28","Bonn","1","0","0","0"
"2021-07-28","Borken","0","1","0","0"
"2021-07-28","Bottrop","1","0","0","0"
"2021-07-28","Coesfeld","1","0","0","0"
"2021-07-28","Dortmund","1","0","0","0"
"2021-07-28","Duisburg","1","0","0","0"
"2021-07-28","Düren","0","1","0","0"
"2021-07-28","Düsseldorf","0","0","1","0"
"2021-07-28","Ennepe-Ruhr-Kreis","1","0","0","0"
"2021-07-28","Essen","1","0","0","0"
"2021-07-28","Euskirchen","1","0","0","0"
"2021-07-28","Gelsenkirchen","1","0","0","0"
"2021-07-28","Gütersloh","1","0","0","0"
"2021-07-28","Hagen","0","1","0","0"
"2021-07-28","Hamm","0","1","0","0"
"2021-07-28","Heinsberg","1","0","0","0"
"2021-07-28","Herford","1","0","0","0"
"2021-07-28","Herne","1","0","0","0"
"2021-07-28","Hochsauerlandkreis","1","0","0","0"
"2021-07-28","Höxter","0","1","0","0"
"2021-07-28","Kleve","0","1","0","0"
"2021-07-28","Köln","0","1","0","0"
"2021-07-28","Krefeld","0","1","0","0"
"2021-07-28","Leverkusen","0","1","0","0"
"2021-07-28","Lippe","1","0","0","0"
"2021-07-28","Märkischer Kreis","1","0","0","0"
"2021-07-28","Mettmann","0","1","0","0"
"2021-07-28","Minden-Lübbecke","0","1","0","0"
"2021-07-28","Mönchengladbach","1","0","0","0"
"2021-07-28","Mülheim an der Ruhr","1","0","0","0"
"2021-07-28","Münster","0","1","0","0"
"2021-07-28","Oberbergischer Kreis","0","1","0","0"
"2021-07-28","Oberhausen","0","1","0","0"
"2021-07-28","Olpe","1","0","0","0"
"2021-07-28","Paderborn","1","0","0","0"
"2021-07-28","Recklinghausen","0","1","0","0"
"2021-07-28","Remscheid","1","0","0","0"
"2021-07-28","Rhein-Erft-Kreis","1","0","0","0"
"2021-07-28","Rheinisch-Bergischer Kreis","1","0","0","0"
"2021-07-28","Rhein-Kreis Neuss","0","1","0","0"
"2021-07-28","Rhein-Sieg-Kreis","1","0","0","0"
"2021-07-28","Siegen-Wittgenstein","1","0","0","0"
"2021-07-28","Soest","1","0","0","0"
"2021-07-28","Solingen","0","0","1","0"
"2021-07-28","Steinfurt","1","0","0","0"
"2021-07-28","Unna","1","0","0","0"
"2021-07-28","Viersen","1","0","0","0"
"2021-07-28","Warendorf","1","0","0","0"
"2021-07-28","Wesel","0","1","0","0"
"2021-07-28","Wuppertal","1","0","0","0"
"2021-07-29","Städteregion Aachen","0","1","0","0"
"2021-07-29","Bielefeld","1","0","0","0"
"2021-07-29","Bochum","0","1","0","0"
"2021-07-29","Bonn","0","1","0","0"
"2021-07-29","Borken","0","1","0","0"
"2021-07-29","Bottrop","1","0","0","0"
"2021-07-29","Coesfeld","1","0","0","0"
"2021-07-29","Dortmund","1","0","0","0"
"2021-07-29","Duisburg","1","0","0","0"
"2021-07-29","Düren","0","1","0","0"
"2021-07-29","Düsseldorf","0","0","1","0"
"2021-07-29","Ennepe-Ruhr-Kreis","1","0","0","0"
"2021-07-29","Essen","1","0","0","0"
"2021-07-29","Euskirchen","1","0","0","0"
"2021-07-29","Gelsenkirchen","1","0","0","0"
"2021-07-29","Gütersloh","1","0","0","0"
"2021-07-29","Hagen","0","1","0","0"
"2021-07-29","Hamm","0","1","0","0"
"2021-07-29","Heinsberg","0","1","0","0"
"2021-07-29","Herford","1","0","0","0"
"2021-07-29","Herne","1","0","0","0"
"2021-07-29","Hochsauerlandkreis","1","0","0","0"
"2021-07-29","Höxter","0","1","0","0"
"2021-07-29","Kleve","0","1","0","0"
"2021-07-29","Köln","0","1","0","0"
"2021-07-29","Krefeld","0","1","0","0"
"2021-07-29","Leverkusen","0","1","0","0"
"2021-07-29","Lippe","0","1","0","0"
"2021-07-29","Märkischer Kreis","1","0","0","0"
"2021-07-29","Mettmann","0","1","0","0"
"2021-07-29","Minden-Lübbecke","0","1","0","0"
"2021-07-29","Mönchengladbach","1","0","0","0"
"2021-07-29","Mülheim an der Ruhr","1","0","0","0"
"2021-07-29","Münster","0","1","0","0"
"2021-07-29","Oberbergischer Kreis","0","1","0","0"
"2021-07-29","Oberhausen","0","1","0","0"
"2021-07-29","Olpe","1","0","0","0"
"2021-07-29","Paderborn","0","1","0","0"
"2021-07-29","Recklinghausen","0","1","0","0"
"2021-07-29","Remscheid","1","0","0","0"
"2021-07-29","Rhein-Erft-Kreis","1","0","0","0"
"2021-07-29","Rheinisch-Bergischer Kreis","1","0","0","0"
"2021-07-29","Rhein-Kreis Neuss","0","1","0","0"
"2021-07-29","Rhein-Sieg-Kreis","1","0","0","0"
"2021-07-29","Siegen-Wittgenstein","1","0","0","0"
"2021-07-29","Soest","1","0","0","0"
"2021-07-29","Solingen","0","0","1","0"
"2021-07-29","Steinfurt","1","0","0","0"
"2021-07-29","Unna","1","0","0","0"
"2021-07-29","Viersen","1","0","0","0"
"2021-07-29","Warendorf","1","0","0","0"
"2021-07-29","Wesel","0","1","0","0"
"2021-07-29","Wuppertal","0","1","0","0"
"2021-07-30","Städteregion Aachen","0","1","0","0"
"2021-07-30","Bielefeld","0","1","0","0"
"2021-07-30","Bochum","0","1","0","0"
"2021-07-30","Bonn","0","1","0","0"
"2021-07-30","Borken","0","1","0","0"
"2021-07-30","Bottrop","1","0","0","0"
"2021-07-30","Coesfeld","1","0","0","0"
"2021-07-30","Dortmund","1","0","0","0"
"2021-07-30","Duisburg","1","0","0","0"
"2021-07-30","Düren","0","1","0","0"
"2021-07-30","Düsseldorf","0","0","1","0"
"2021-07-30","Ennepe-Ruhr-Kreis","1","0","0","0"
"2021-07-30","Essen","1","0","0","0"
"2021-07-30","Euskirchen","1","0","0","0"
"2021-07-30","Gelsenkirchen","1","0","0","0"
"2021-07-30","Gütersloh","1","0","0","0"
"2021-07-30","Hagen","0","1","0","0"
"2021-07-30","Hamm","0","1","0","0"
"2021-07-30","Heinsberg","0","1","0","0"
"2021-07-30","Herford","1","0","0","0"
"2021-07-30","Herne","1","0","0","0"
"2021-07-30","Hochsauerlandkreis","1","0","0","0"
"2021-07-30","Höxter","0","1","0","0"
"2021-07-30","Kleve","0","1","0","0"
"2021-07-30","Köln","0","1","0","0"
"2021-07-30","Krefeld","0","1","0","0"
"2021-07-30","Leverkusen","0","1","0","0"
"2021-07-30","Lippe","0","1","0","0"
"2021-07-30","Märkischer Kreis","1","0","0","0"
"2021-07-30","Mettmann","0","1","0","0"
"2021-07-30","Minden-Lübbecke","0","1","0","0"
"2021-07-30","Mönchengladbach","1","0","0","0"
"2021-07-30","Mülheim an der Ruhr","1","0","0","0"
"2021-07-30","Münster","0","1","0","0"
"2021-07-30","Oberbergischer Kreis","0","1","0","0"
"2021-07-30","Oberhausen","0","1","0","0"
"2021-07-30","Olpe","1","0","0","0"
"2021-07-30","Paderborn","0","1","0","0"
"2021-07-30","Recklinghausen","0","1","0","0"
"2021-07-30","Remscheid","1","0","0","0"
"2021-07-30","Rhein-Erft-Kreis","1","0","0","0"
"2021-07-30","Rheinisch-Bergischer Kreis","1","0","0","0"
"2021-07-30","Rhein-Kreis Neuss","0","1","0","0"
"2021-07-30","Rhein-Sieg-Kreis","1","0","0","0"
"2021-07-30","Siegen-Wittgenstein","1","0","0","0"
"2021-07-30","Soest","1","0","0","0"
"2021-07-30","Solingen","0","0","1","0"
"2021-07-30","Steinfurt","0","1","0","0"
"2021-07-30","Unna","1","0","0","0"
"2021-07-30","Viersen","1","0","0","0"
"2021-07-30","Warendorf","1","0","0","0"
"2021-07-30","Wesel","0","1","0","0"
"2021-07-30","Wuppertal","0","1","0","0"
"2021-08-02","Städteregion Aachen","0","1","0","0"
"2021-08-02","Bielefeld","0","1","0","0"
"2021-08-02","Bochum","0","1","0","0"
"2021-08-02","Bonn","0","1","0","0"
"2021-08-02","Borken","0","1","0","0"
"2021-08-02","Bottrop","0","1","0","0"
"2021-08-02","Coesfeld","0","1","0","0"
"2021-08-02","Dortmund","0","1","0","0"
"2021-08-02","Duisburg","0","1","0","0"
"2021-08-02","Düren","0","1","0","0"
"2021-08-02","Düsseldorf","0","0","1","0"
"2021-08-02","Ennepe-Ruhr-Kreis","1","0","0","0"
"2021-08-02","Essen","0","1","0","0"
"2021-08-02","Euskirchen","1","0","0","0"
"2021-08-02","Gelsenkirchen","1","0","0","0"
"2021-08-02","Gütersloh","0","1","0","0"
"2021-08-02","Hagen","0","1","0","0"
"2021-08-02","Hamm","0","1","0","0"
"2021-08-02","Heinsberg","0","1","0","0"
"2021-08-02","Herford","0","1","0","0"
"2021-08-02","Herne","0","1","0","0"
"2021-08-02","Hochsauerlandkreis","0","1","0","0"
"2021-08-02","Höxter","0","1","0","0"
"2021-08-02","Kleve","0","1","0","0"
"2021-08-02","Köln","0","1","0","0"
"2021-08-02","Krefeld","0","1","0","0"
"2021-08-02","Leverkusen","0","1","0","0"
"2021-08-02","Lippe","0","1","0","0"
"2021-08-02","Märkischer Kreis","1","0","0","0"
"2021-08-02","Mettmann","0","1","0","0"
"2021-08-02","Minden-Lübbecke","0","1","0","0"
"2021-08-02","Mönchengladbach","0","1","0","0"
"2021-08-02","Mülheim an der Ruhr","1","0","0","0"
"2021-08-02","Münster","0","1","0","0"
"2021-08-02","Oberbergischer Kreis","0","1","0","0"
"2021-08-02","Oberhausen","0","1","0","0"
"2021-08-02","Olpe","1","0","0","0"
"2021-08-02","Paderborn","0","1","0","0"
"2021-08-02","Recklinghausen","0","1","0","0"
"2021-08-02","Remscheid","1","0","0","0"
"2021-08-02","Rhein-Erft-Kreis","0","1","0","0"
"2021-08-02","Rheinisch-Bergischer Kreis","1","0","0","0"
"2021-08-02","Rhein-Kreis Neuss","0","1","0","0"
"2021-08-02","Rhein-Sieg-Kreis","0","1","0","0"
"2021-08-02","Siegen-Wittgenstein","1","0","0","0"
"2021-08-02","Soest","1","0","0","0"
"2021-08-02","Solingen","0","0","1","0"
"2021-08-02","Steinfurt","0","1","0","0"
"2021-08-02","Unna","1","0","0","0"
"2021-08-02","Viersen","0","1","0","0"
"2021-08-02","Warendorf","1","0","0","0"
"2021-08-02","Wesel","0","1","0","0"
"2021-08-02","Wuppertal","0","1","0","0"
"2021-08-03","Städteregion Aachen","0","1","0","0"
"2021-08-03","Bielefeld","0","1","0","0"
"2021-08-03","Bochum","0","1","0","0"
"2021-08-03","Bonn","0","1","0","0"
"2021-08-03","Borken","0","1","0","0"
"2021-08-03","Bottrop","0","1","0","0"
"2021-08-03","Coesfeld","0","1","0","0"
"2021-08-03","Dortmund","0","1","0","0"
"2021-08-03","Duisburg","0","1","0","0"
"2021-08-03","Düren","0","1","0","0"
"2021-08-03","Düsseldorf","0","0","1","0"
"2021-08-03","Ennepe-Ruhr-Kreis","1","0","0","0"
"2021-08-03","Essen","0","1","0","0"
"2021-08-03","Euskirchen","1","0","0","0"
"2021-08-03","Gelsenkirchen","1","0","0","0"
"2021-08-03","Gütersloh","0","1","0","0"
"2021-08-03","Hagen","0","1","0","0"
"2021-08-03","Hamm","0","1","0","0"
"2021-08-03","Heinsberg","0","1","0","0"
"2021-08-03","Herford","0","1","0","0"
"2021-08-03","Herne","0","1","0","0"
"2021-08-03","Hochsauerlandkreis","0","1","0","0"
"2021-08-03","Höxter","0","1","0","0"
"2021-08-03","Kleve","0","1","0","0"
"2021-08-03","Köln","0","1","0","0"
"2021-08-03","Krefeld","0","1","0","0"
"2021-08-03","Leverkusen","0","1","0","0"
"2021-08-03","Lippe","0","1","0","0"
"2021-08-03","Märkischer Kreis","1","0","0","0"
"2021-08-03","Mettmann","0","1","0","0"
"2021-08-03","Minden-Lübbecke","0","1","0","0"
"2021-08-03","Mönchengladbach","0","1","0","0"
"2021-08-03","Mülheim an der Ruhr","1","0","0","0"
"2021-08-03","Münster","0","1","0","0"
"2021-08-03","Oberbergischer Kreis","0","1","0","0"
"2021-08-03","Oberhausen","0","1","0","0"
"2021-08-03","Olpe","1","0","0","0"
"2021-08-03","Paderborn","0","1","0","0"
"2021-08-03","Recklinghausen","0","1","0","0"
"2021-08-03","Remscheid","1","0","0","0"
"2021-08-03","Rhein-Erft-Kreis","0","1","0","0"
"2021-08-03","Rheinisch-Bergischer Kreis","1","0","0","0"
"2021-08-03","Rhein-Kreis Neuss","0","1","0","0"
"2021-08-03","Rhein-Sieg-Kreis","0","1","0","0"
"2021-08-03","Siegen-Wittgenstein","1","0","0","0"
"2021-08-03","Soest","1","0","0","0"
"2021-08-03","Solingen","0","0","1","0"
"2021-08-03","Steinfurt","0","1","0","0"
"2021-08-03","Unna","1","0","0","0"
"2021-08-03","Viersen","0","1","0","0"
"2021-08-03","Warendorf","1","0","0","0"
"2021-08-03","Wesel","0","1","0","0"
"2021-08-03","Wuppertal","0","1","0","0"
"2021-08-04","Städteregion Aachen","0","1","0","0"
"2021-08-04","Bielefeld","0","1","0","0"
"2021-08-04","Bochum","0","1","0","0"
"2021-08-04","Bonn","0","1","0","0"
"2021-08-04","Borken","0","1","0","0"
"2021-08-04","Bottrop","0","1","0","0"
"2021-08-04","Coesfeld","0","1","0","0"
"2021-08-04","Dortmund","0","1","0","0"
"2021-08-04","Duisburg","0","1","0","0"
"2021-08-04","Düren","0","1","0","0"
"2021-08-04","Düsseldorf","0","0","1","0"
"2021-08-04","Ennepe-Ruhr-Kreis","1","0","0","0"
"2021-08-04","Essen","0","1","0","0"
"2021-08-04","Euskirchen","1","0","0","0"
"2021-08-04","Gelsenkirchen","1","0","0","0"
"2021-08-04","Gütersloh","0","1","0","0"
"2021-08-04","Hagen","0","1","0","0"
"2021-08-04","Hamm","0","1","0","0"
"2021-08-04","Heinsberg","0","1","0","0"
"2021-08-04","Herford","0","1","0","0"
"2021-08-04","Herne","0","1","0","0"
"2021-08-04","Hochsauerlandkreis","0","1","0","0"
"2021-08-04","Höxter","0","1","0","0"
"2021-08-04","Kleve","0","1","0","0"
"2021-08-04","Köln","0","1","0","0"
"2021-08-04","Krefeld","0","1","0","0"
"2021-08-04","Leverkusen","0","1","0","0"
"2021-08-04","Lippe","0","1","0","0"
"2021-08-04","Märkischer Kreis","1","0","0","0"
"2021-08-04","Mettmann","0","1","0","0"
"2021-08-04","Minden-Lübbecke","0","1","0","0"
"2021-08-04","Mönchengladbach","0","1","0","0"
"2021-08-04","Mülheim an der Ruhr","1","0","0","0"
"2021-08-04","Münster","0","1","0","0"
"2021-08-04","Oberbergischer Kreis","0","1","0","0"
"2021-08-04","Oberhausen","0","1","0","0"
"2021-08-04","Olpe","1","0","0","0"
"2021-08-04","Paderborn","0","1","0","0"
"2021-08-04","Recklinghausen","0","1","0","0"
"2021-08-04","Remscheid","1","0","0","0"
"2021-08-04","Rhein-Erft-Kreis","0","1","0","0"
"2021-08-04","Rheinisch-Bergischer Kreis","1","0","0","0"
"2021-08-04","Rhein-Kreis Neuss","0","1","0","0"
"2021-08-04","Rhein-Sieg-Kreis","0","1","0","0"
"2021-08-04","Siegen-Wittgenstein","1","0","0","0"
"2021-08-04","Soest","1","0","0","0"
"2021-08-04","Solingen","0","0","1","0"
"2021-08-04","Steinfurt","0","1","0","0"
"2021-08-04","Unna","1","0","0","0"
"2021-08-04","Viersen","0","1","0","0"
"2021-08-04","Warendorf","1","0","0","0"
"2021-08-04","Wesel","0","1","0","0"
"2021-08-04","Wuppertal","0","1","0","0"
"2021-08-05","Städteregion Aachen","0","1","0","0"
"2021-08-05","Bielefeld","0","1","0","0"
"2021-08-05","Bochum","0","1","0","0"
"2021-08-05","Bonn","0","1","0","0"
"2021-08-05","Borken","0","1","0","0"
"2021-08-05","Bottrop","0","1","0","0"
"2021-08-05","Coesfeld","0","1","0","0"
"2021-08-05","Dortmund","0","1","0","0"
"2021-08-05","Duisburg","0","1","0","0"
"2021-08-05","Düren","0","1","0","0"
"2021-08-05","Düsseldorf","0","0","1","0"
"2021-08-05","Ennepe-Ruhr-Kreis","1","0","0","0"
"2021-08-05","Essen","0","1","0","0"
"2021-08-05","Euskirchen","1","0","0","0"
"2021-08-05","Gelsenkirchen","0","1","0","0"
"2021-08-05","Gütersloh","0","1","0","0"
"2021-08-05","Hagen","0","1","0","0"
"2021-08-05","Hamm","0","1","0","0"
"2021-08-05","Heinsberg","0","1","0","0"
"2021-08-05","Herford","0","1","0","0"
"2021-08-05","Herne","0","1","0","0"
"2021-08-05","Hochsauerlandkreis","0","1","0","0"
"2021-08-05","Höxter","0","1","0","0"
"2021-08-05","Kleve","0","1","0","0"
"2021-08-05","Köln","0","1","0","0"
"2021-08-05","Krefeld","0","1","0","0"
"2021-08-05","Leverkusen","0","1","0","0"
"2021-08-05","Lippe","0","1","0","0"
"2021-08-05","Märkischer Kreis","0","1","0","0"
"2021-08-05","Mettmann","0","1","0","0"
"2021-08-05","Minden-Lübbecke","0","1","0","0"
"2021-08-05","Mönchengladbach","0","1","0","0"
"2021-08-05","Mülheim an der Ruhr","1","0","0","0"
"2021-08-05","Münster","0","1","0","0"
"2021-08-05","Oberbergischer Kreis","0","1","0","0"
"2021-08-05","Oberhausen","0","1","0","0"
"2021-08-05","Olpe","1","0","0","0"
"2021-08-05","Paderborn","0","1","0","0"
"2021-08-05","Recklinghausen","0","1","0","0"
"2021-08-05","Remscheid","1","0","0","0"
"2021-08-05","Rhein-Erft-Kreis","0","1","0","0"
"2021-08-05","Rheinisch-Bergischer Kreis","0","1","0","0"
"2021-08-05","Rhein-Kreis Neuss","0","1","0","0"
"2021-08-05","Rhein-Sieg-Kreis","0","1","0","0"
"2021-08-05","Siegen-Wittgenstein","1","0","0","0"
"2021-08-05","Soest","1","0","0","0"
"2021-08-05","Solingen","0","0","1","0"
"2021-08-05","Steinfurt","0","1","0","0"
"2021-08-05","Unna","0","1","0","0"
"2021-08-05","Viersen","0","1","0","0"
"2021-08-05","Warendorf","1","0","0","0"
"2021-08-05","Wesel","0","1","0","0"
"2021-08-05","Wuppertal","0","1","0","0"
"2021-08-06","Städteregion Aachen","0","1","0","0"
"2021-08-06","Bielefeld","0","1","0","0"
"2021-08-06","Bochum","0","1","0","0"
"2021-08-06","Bonn","0","1","0","0"
"2021-08-06","Borken","0","1","0","0"
"2021-08-06","Bottrop","0","1","0","0"
"2021-08-06","Coesfeld","0","1","0","0"
"2021-08-06","Dortmund","0","1","0","0"
"2021-08-06","Duisburg","0","1","0","0"
"2021-08-06","Düren","0","1","0","0"
"2021-08-06","Düsseldorf","0","0","1","0"
"2021-08-06","Ennepe-Ruhr-Kreis","1","0","0","0"
"2021-08-06","Essen","0","1","0","0"
"2021-08-06","Euskirchen","1","0","0","0"
"2021-08-06","Gelsenkirchen","0","1","0","0"
"2021-08-06","Gütersloh","0","1","0","0"
"2021-08-06","Hagen","0","1","0","0"
"2021-08-06","Hamm","0","1","0","0"
"2021-08-06","Heinsberg","0","1","0","0"
"2021-08-06","Herford","0","1","0","0"
"2021-08-06","Herne","0","1","0","0"
"2021-08-06","Hochsauerlandkreis","0","1","0","0"
"2021-08-06","Höxter","0","1","0","0"
"2021-08-06","Kleve","0","1","0","0"
"2021-08-06","Köln","0","1","0","0"
"2021-08-06","Krefeld","0","1","0","0"
"2021-08-06","Leverkusen","0","1","0","0"
"2021-08-06","Lippe","0","1","0","0"
"2021-08-06","Märkischer Kreis","0","1","0","0"
"2021-08-06","Mettmann","0","1","0","0"
"2021-08-06","Minden-Lübbecke","0","1","0","0"
"2021-08-06","Mönchengladbach","0","1","0","0"
"2021-08-06","Mülheim an der Ruhr","1","0","0","0"
"2021-08-06","Münster","0","1","0","0"
"2021-08-06","Oberbergischer Kreis","0","1","0","0"
"2021-08-06","Oberhausen","0","1","0","0"
"2021-08-06","Olpe","1","0","0","0"
"2021-08-06","Paderborn","0","1","0","0"
"2021-08-06","Recklinghausen","0","1","0","0"
"2021-08-06","Remscheid","0","1","0","0"
"2021-08-06","Rhein-Erft-Kreis","0","1","0","0"
"2021-08-06","Rheinisch-Bergischer Kreis","0","1","0","0"
"2021-08-06","Rhein-Kreis Neuss","0","1","0","0"
"2021-08-06","Rhein-Sieg-Kreis","0","1","0","0"
"2021-08-06","Siegen-Wittgenstein","0","1","0","0"
"2021-08-06","Soest","0","1","0","0"
"2021-08-06","Solingen","0","0","1","0"
"2021-08-06","Steinfurt","0","1","0","0"
"2021-08-06","Unna","0","1","0","0"
"2021-08-06","Viersen","0","1","0","0"
"2021-08-06","Warendorf","1","0","0","0"
"2021-08-06","Wesel","0","1","0","0"
"2021-08-06","Wuppertal","0","1","0","0"
"2021-08-09","Städteregion Aachen","0","1","0","0"
"2021-08-09","Bielefeld","0","1","0","0"
"2021-08-09","Bochum","0","1","0","0"
"2021-08-09","Bonn","0","1","0","0"
"2021-08-09","Borken","0","1","0","0"
"2021-08-09","Bottrop","0","1","0","0"
"2021-08-09","Coesfeld","0","1","0","0"
"2021-08-09","Dortmund","0","1","0","0"
"2021-08-09","Duisburg","0","1","0","0"
"2021-08-09","Düren","0","1","0","0"
"2021-08-09","Düsseldorf","0","0","1","0"
"2021-08-09","Ennepe-Ruhr-Kreis","0","1","0","0"
"2021-08-09","Essen","0","1","0","0"
"2021-08-09","Euskirchen","1","0","0","0"
"2021-08-09","Gelsenkirchen","0","1","0","0"
"2021-08-09","Gütersloh","0","1","0","0"
"2021-08-09","Hagen","0","1","0","0"
"2021-08-09","Hamm","0","1","0","0"
"2021-08-09","Heinsberg","0","1","0","0"
"2021-08-09","Herford","0","1","0","0"
"2021-08-09","Herne","0","1","0","0"
"2021-08-09","Hochsauerlandkreis","0","1","0","0"
"2021-08-09","Höxter","0","1","0","0"
"2021-08-09","Kleve","0","1","0","0"
"2021-08-09","Köln","0","1","0","0"
"2021-08-09","Krefeld","0","1","0","0"
"2021-08-09","Leverkusen","0","1","0","0"
"2021-08-09","Lippe","0","1","0","0"
"2021-08-09","Märkischer Kreis","0","1","0","0"
"2021-08-09","Mettmann","0","1","0","0"
"2021-08-09","Minden-Lübbecke","0","1","0","0"
"2021-08-09","Mönchengladbach","0","1","0","0"
"2021-08-09","Mülheim an der Ruhr","0","1","0","0"
"2021-08-09","Münster","0","1","0","0"
"2021-08-09","Oberbergischer Kreis","0","1","0","0"
"2021-08-09","Oberhausen","0","1","0","0"
"2021-08-09","Olpe","1","0","0","0"
"2021-08-09","Paderborn","0","1","0","0"
"2021-08-09","Recklinghausen","0","1","0","0"
"2021-08-09","Remscheid","0","1","0","0"
"2021-08-09","Rhein-Erft-Kreis","0","1","0","0"
"2021-08-09","Rheinisch-Bergischer Kreis","0","1","0","0"
"2021-08-09","Rhein-Kreis Neuss","0","1","0","0"
"2021-08-09","Rhein-Sieg-Kreis","0","1","0","0"
"2021-08-09","Siegen-Wittgenstein","0","1","0","0"
"2021-08-09","Soest","0","1","0","0"
"2021-08-09","Solingen","0","0","1","0"
"2021-08-09","Steinfurt","0","1","0","0"
"2021-08-09","Unna","0","1","0","0"
"2021-08-09","Viersen","0","1","0","0"
"2021-08-09","Warendorf","0","1","0","0"
"2021-08-09","Wesel","0","1","0","0"
"2021-08-09","Wuppertal","0","1","0","0"
"2021-08-10","Städteregion Aachen","0","1","0","0"
"2021-08-10","Bielefeld","0","1","0","0"
"2021-08-10","Bochum","0","1","0","0"
"2021-08-10","Bonn","0","1","0","0"
"2021-08-10","Borken","0","1","0","0"
"2021-08-10","Bottrop","0","1","0","0"
"2021-08-10","Coesfeld","0","1","0","0"
"2021-08-10","Dortmund","0","1","0","0"
"2021-08-10","Duisburg","0","1","0","0"
"2021-08-10","Düren","0","1","0","0"
"2021-08-10","Düsseldorf","0","0","1","0"
"2021-08-10","Ennepe-Ruhr-Kreis","0","1","0","0"
"2021-08-10","Essen","0","1","0","0"
"2021-08-10","Euskirchen","1","0","0","0"
"2021-08-10","Gelsenkirchen","0","1","0","0"
"2021-08-10","Gütersloh","0","1","0","0"
"2021-08-10","Hagen","0","1","0","0"
"2021-08-10","Hamm","0","1","0","0"
"2021-08-10","Heinsberg","0","1","0","0"
"2021-08-10","Herford","0","1","0","0"
"2021-08-10","Herne","0","1","0","0"
"2021-08-10","Hochsauerlandkreis","0","1","0","0"
"2021-08-10","Höxter","0","1","0","0"
"2021-08-10","Kleve","0","1","0","0"
"2021-08-10","Köln","0","1","0","0"
"2021-08-10","Krefeld","0","1","0","0"
"2021-08-10","Leverkusen","0","1","0","0"
"2021-08-10","Lippe","0","1","0","0"
"2021-08-10","Märkischer Kreis","0","1","0","0"
"2021-08-10","Mettmann","0","1","0","0"
"2021-08-10","Minden-Lübbecke","0","1","0","0"
"2021-08-10","Mönchengladbach","0","1","0","0"
"2021-08-10","Mülheim an der Ruhr","0","1","0","0"
"2021-08-10","Münster","0","1","0","0"
"2021-08-10","Oberbergischer Kreis","0","1","0","0"
"2021-08-10","Oberhausen","0","1","0","0"
"2021-08-10","Olpe","1","0","0","0"
"2021-08-10","Paderborn","0","1","0","0"
"2021-08-10","Recklinghausen","0","1","0","0"
"2021-08-10","Remscheid","0","1","0","0"
"2021-08-10","Rhein-Erft-Kreis","0","0","1","0"
"2021-08-10","Rheinisch-Bergischer Kreis","0","1","0","0"
"2021-08-10","Rhein-Kreis Neuss","0","1","0","0"
"2021-08-10","Rhein-Sieg-Kreis","0","1","0","0"
"2021-08-10","Siegen-Wittgenstein","0","1","0","0"
"2021-08-10","Soest","0","1","0","0"
"2021-08-10","Solingen","0","0","1","0"
"2021-08-10","Steinfurt","0","1","0","0"
"2021-08-10","Unna","0","1","0","0"
"2021-08-10","Viersen","0","1","0","0"
"2021-08-10","Warendorf","0","1","0","0"
"2021-08-10","Wesel","0","1","0","0"
"2021-08-10","Wuppertal","0","1","0","0"
"2021-08-11","Städteregion Aachen","0","1","0","0"
"2021-08-11","Bielefeld","0","1","0","0"
"2021-08-11","Bochum","0","1","0","0"
"2021-08-11","Bonn","0","1","0","0"
"2021-08-11","Borken","0","1","0","0"
"2021-08-11","Bottrop","0","1","0","0"
"2021-08-11","Coesfeld","0","1","0","0"
"2021-08-11","Dortmund","0","1","0","0"
"2021-08-11","Duisburg","0","1","0","0"
"2021-08-11","Düren","0","1","0","0"
"2021-08-11","Düsseldorf","0","0","1","0"
"2021-08-11","Ennepe-Ruhr-Kreis","0","1","0","0"
"2021-08-11","Essen","0","1","0","0"
"2021-08-11","Euskirchen","1","0","0","0"
"2021-08-11","Gelsenkirchen","0","1","0","0"
"2021-08-11","Gütersloh","0","1","0","0"
"2021-08-11","Hagen","0","1","0","0"
"2021-08-11","Hamm","0","1","0","0"
"2021-08-11","Heinsberg","0","1","0","0"
"2021-08-11","Herford","0","1","0","0"
"2021-08-11","Herne","0","1","0","0"
"2021-08-11","Hochsauerlandkreis","0","1","0","0"
"2021-08-11","Höxter","0","1","0","0"
"2021-08-11","Kleve","0","1","0","0"
"2021-08-11","Köln","0","1","0","0"
"2021-08-11","Krefeld","0","1","0","0"
"2021-08-11","Leverkusen","0","1","0","0"
"2021-08-11","Lippe","0","1","0","0"
"2021-08-11","Märkischer Kreis","0","1","0","0"
"2021-08-11","Mettmann","0","1","0","0"
"2021-08-11","Minden-Lübbecke","0","1","0","0"
"2021-08-11","Mönchengladbach","0","1","0","0"
"2021-08-11","Mülheim an der Ruhr","0","1","0","0"
"2021-08-11","Münster","0","1","0","0"
"2021-08-11","Oberbergischer Kreis","0","1","0","0"
"2021-08-11","Oberhausen","0","1","0","0"
"2021-08-11","Olpe","1","0","0","0"
"2021-08-11","Paderborn","0","1","0","0"
"2021-08-11","Recklinghausen","0","1","0","0"
"2021-08-11","Remscheid","0","1","0","0"
"2021-08-11","Rhein-Erft-Kreis","0","0","1","0"
"2021-08-11","Rheinisch-Bergischer Kreis","0","1","0","0"
"2021-08-11","Rhein-Kreis Neuss","0","1","0","0"
"2021-08-11","Rhein-Sieg-Kreis","0","1","0","0"
"2021-08-11","Siegen-Wittgenstein","0","1","0","0"
"2021-08-11","Soest","0","1","0","0"
"2021-08-11","Solingen","0","0","1","0"
"2021-08-11","Steinfurt","0","1","0","0"
"2021-08-11","Unna","0","1","0","0"
"2021-08-11","Viersen","0","1","0","0"
"2021-08-11","Warendorf","0","1","0","0"
"2021-08-11","Wesel","0","1","0","0"
"2021-08-11","Wuppertal","0","1","0","0"
"2021-08-12","Städteregion Aachen","0","1","0","0"
"2021-08-12","Bielefeld","0","1","0","0"
"2021-08-12","Bochum","0","1","0","0"
"2021-08-12","Bonn","0","1","0","0"
"2021-08-12","Borken","0","1","0","0"
"2021-08-12","Bottrop","0","1","0","0"
"2021-08-12","Coesfeld","1","0","0","0"
"2021-08-12","Dortmund","0","1","0","0"
"2021-08-12","Duisburg","0","1","0","0"
"2021-08-12","Düren","0","1","0","0"
"2021-08-12","Düsseldorf","0","0","1","0"
"2021-08-12","Ennepe-Ruhr-Kreis","0","1","0","0"
"2021-08-12","Essen","0","1","0","0"
"2021-08-12","Euskirchen","1","0","0","0"
"2021-08-12","Gelsenkirchen","0","1","0","0"
"2021-08-12","Gütersloh","0","1","0","0"
"2021-08-12","Hagen","0","1","0","0"
"2021-08-12","Hamm","0","1","0","0"
"2021-08-12","Heinsberg","0","1","0","0"
"2021-08-12","Herford","0","1","0","0"
"2021-08-12","Herne","0","1","0","0"
"2021-08-12","Hochsauerlandkreis","0","1","0","0"
"2021-08-12","Höxter","0","1","0","0"
"2021-08-12","Kleve","0","1","0","0"
"2021-08-12","Köln","0","0","1","0"
"2021-08-12","Krefeld","0","1","0","0"
"2021-08-12","Leverkusen","0","1","0","0"
"2021-08-12","Lippe","0","1","0","0"
"2021-08-12","Märkischer Kreis","0","1","0","0"
"2021-08-12","Mettmann","0","1","0","0"
"2021-08-12","Minden-Lübbecke","0","1","0","0"
"2021-08-12","Mönchengladbach","0","1","0","0"
"2021-08-12","Mülheim an der Ruhr","0","1","0","0"
"2021-08-12","Münster","0","1","0","0"
"2021-08-12","Oberbergischer Kreis","0","0","1","0"
"2021-08-12","Oberhausen","0","1","0","0"
"2021-08-12","Olpe","1","0","0","0"
"2021-08-12","Paderborn","0","1","0","0"
"2021-08-12","Recklinghausen","0","1","0","0"
"2021-08-12","Remscheid","0","1","0","0"
"2021-08-12","Rhein-Erft-Kreis","0","0","1","0"
"2021-08-12","Rheinisch-Bergischer Kreis","0","1","0","0"
"2021-08-12","Rhein-Kreis Neuss","0","1","0","0"
"2021-08-12","Rhein-Sieg-Kreis","0","1","0","0"
"2021-08-12","Siegen-Wittgenstein","0","1","0","0"
"2021-08-12","Soest","0","1","0","0"
"2021-08-12","Solingen","0","0","1","0"
"2021-08-12","Steinfurt","0","1","0","0"
"2021-08-12","Unna","0","1","0","0"
"2021-08-12","Viersen","0","1","0","0"
"2021-08-12","Warendorf","0","1","0","0"
"2021-08-12","Wesel","0","1","0","0"
"2021-08-12","Wuppertal","0","1","0","0"
"2021-08-13","Städteregion Aachen","0","1","0","0"
"2021-08-13","Bielefeld","0","1","0","0"
"2021-08-13","Bochum","0","1","0","0"
"2021-08-13","Bonn","0","0","1","0"
"2021-08-13","Borken","0","1","0","0"
"2021-08-13","Bottrop","0","1","0","0"
"2021-08-13","Coesfeld","1","0","0","0"
"2021-08-13","Dortmund","0","1","0","0"
"2021-08-13","Duisburg","0","1","0","0"
"2021-08-13","Düren","0","1","0","0"
"2021-08-13","Düsseldorf","0","0","1","0"
"2021-08-13","Ennepe-Ruhr-Kreis","0","1","0","0"
"2021-08-13","Essen","0","1","0","0"
"2021-08-13","Euskirchen","1","0","0","0"
"2021-08-13","Gelsenkirchen","0","1","0","0"
"2021-08-13","Gütersloh","0","0","1","0"
"2021-08-13","Hagen","0","1","0","0"
"2021-08-13","Hamm","0","1","0","0"
"2021-08-13","Heinsberg","0","1","0","0"
"2021-08-13","Herford","0","1","0","0"
"2021-08-13","Herne","0","1","0","0"
"2021-08-13","Hochsauerlandkreis","0","1","0","0"
"2021-08-13","Höxter","0","1","0","0"
"2021-08-13","Kleve","0","1","0","0"
"2021-08-13","Köln","0","0","1","0"
"2021-08-13","Krefeld","0","0","1","0"
"2021-08-13","Leverkusen","0","1","0","0"
"2021-08-13","Lippe","0","1","0","0"
"2021-08-13","Märkischer Kreis","0","1","0","0"
"2021-08-13","Mettmann","0","1","0","0"
"2021-08-13","Minden-Lübbecke","0","1","0","0"
"2021-08-13","Mönchengladbach","0","1","0","0"
"2021-08-13","Mülheim an der Ruhr","0","1","0","0"
"2021-08-13","Münster","0","1","0","0"
"2021-08-13","Oberbergischer Kreis","0","0","1","0"
"2021-08-13","Oberhausen","0","1","0","0"
"2021-08-13","Olpe","0","1","0","0"
"2021-08-13","Paderborn","0","1","0","0"
"2021-08-13","Recklinghausen","0","1","0","0"
"2021-08-13","Remscheid","0","1","0","0"
"2021-08-13","Rhein-Erft-Kreis","0","0","1","0"
"2021-08-13","Rheinisch-Bergischer Kreis","0","1","0","0"
"2021-08-13","Rhein-Kreis Neuss","0","1","0","0"
"2021-08-13","Rhein-Sieg-Kreis","0","1","0","0"
"2021-08-13","Siegen-Wittgenstein","0","1","0","0"
"2021-08-13","Soest","0","1","0","0"
"2021-08-13","Solingen","0","0","1","0"
"2021-08-13","Steinfurt","0","1","0","0"
"2021-08-13","Unna","0","1","0","0"
"2021-08-13","Viersen","0","1","0","0"
"2021-08-13","Warendorf","0","1","0","0"
"2021-08-13","Wesel","0","1","0","0"
"2021-08-13","Wuppertal","0","1","0","0"
"2021-08-16","Städteregion Aachen","0","1","0","0"
"2021-08-16","Bielefeld","0","1","0","0"
"2021-08-16","Bochum","0","0","1","0"
"2021-08-16","Bonn","0","0","1","0"
"2021-08-16","Borken","0","1","0","0"
"2021-08-16","Bottrop","0","1","0","0"
"2021-08-16","Coesfeld","1","0","0","0"
"2021-08-16","Dortmund","0","1","0","0"
"2021-08-16","Duisburg","0","0","1","0"
"2021-08-16","Düren","0","1","0","0"
"2021-08-16","Düsseldorf","0","0","1","0"
"2021-08-16","Ennepe-Ruhr-Kreis","0","1","0","0"
"2021-08-16","Essen","0","1","0","0"
"2021-08-16","Euskirchen","0","1","0","0"
"2021-08-16","Gelsenkirchen","0","0","1","0"
"2021-08-16","Gütersloh","0","0","1","0"
"2021-08-16","Hagen","0","0","1","0"
"2021-08-16","Hamm","0","1","0","0"
"2021-08-16","Heinsberg","0","1","0","0"
"2021-08-16","Herford","0","0","1","0"
"2021-08-16","Herne","0","0","1","0"
"2021-08-16","Hochsauerlandkreis","0","1","0","0"
"2021-08-16","Höxter","0","1","0","0"
"2021-08-16","Kleve","0","1","0","0"
"2021-08-16","Köln","0","0","1","0"
"2021-08-16","Krefeld","0","0","1","0"
"2021-08-16","Leverkusen","0","0","1","0"
"2021-08-16","Lippe","0","1","0","0"
"2021-08-16","Märkischer Kreis","0","1","0","0"
"2021-08-16","Mettmann","0","0","1","0"
"2021-08-16","Minden-Lübbecke","0","1","0","0"
"2021-08-16","Mönchengladbach","0","0","1","0"
"2021-08-16","Mülheim an der Ruhr","0","1","0","0"
"2021-08-16","Münster","0","1","0","0"
"2021-08-16","Oberbergischer Kreis","0","0","1","0"
"2021-08-16","Oberhausen","0","1","0","0"
"2021-08-16","Olpe","0","1","0","0"
"2021-08-16","Paderborn","0","1","0","0"
"2021-08-16","Recklinghausen","0","1","0","0"
"2021-08-16","Remscheid","0","1","0","0"
"2021-08-16","Rhein-Erft-Kreis","0","0","1","0"
"2021-08-16","Rheinisch-Bergischer Kreis","0","1","0","0"
"2021-08-16","Rhein-Kreis Neuss","0","1","0","0"
"2021-08-16","Rhein-Sieg-Kreis","0","1","0","0"
"2021-08-16","Siegen-Wittgenstein","0","1","0","0"
"2021-08-16","Soest","0","1","0","0"
"2021-08-16","Solingen","0","0","1","0"
"2021-08-16","Steinfurt","0","1","0","0"
"2021-08-16","Unna","0","1","0","0"
"2021-08-16","Viersen","0","1","0","0"
"2021-08-16","Warendorf","0","1","0","0"
"2021-08-16","Wesel","0","1","0","0"
"2021-08-16","Wuppertal","0","0","1","0"
"2021-08-17","Städteregion Aachen","0","1","0","0"
"2021-08-17","Bielefeld","0","1","0","0"
"2021-08-17","Bochum","0","0","1","0"
"2021-08-17","Bonn","0","0","1","0"
"2021-08-17","Borken","0","1","0","0"
"2021-08-17","Bottrop","0","1","0","0"
"2021-08-17","Coesfeld","1","0","0","0"
"2021-08-17","Dortmund","0","1","0","0"
"2021-08-17","Duisburg","0","0","1","0"
"2021-08-17","Düren","0","1","0","0"
"2021-08-17","Düsseldorf","0","0","1","0"
"2021-08-17","Ennepe-Ruhr-Kreis","0","1","0","0"
"2021-08-17","Essen","0","1","0","0"
"2021-08-17","Euskirchen","0","1","0","0"
"2021-08-17","Gelsenkirchen","0","0","1","0"
"2021-08-17","Gütersloh","0","0","1","0"
"2021-08-17","Hagen","0","0","1","0"
"2021-08-17","Hamm","0","1","0","0"
"2021-08-17","Heinsberg","0","1","0","0"
"2021-08-17","Herford","0","0","1","0"
"2021-08-17","Herne","0","0","1","0"
"2021-08-17","Hochsauerlandkreis","0","1","0","0"
"2021-08-17","Höxter","0","1","0","0"
"2021-08-17","Kleve","0","1","0","0"
"2021-08-17","Köln","0","0","1","0"
"2021-08-17","Krefeld","0","0","1","0"
"2021-08-17","Leverkusen","0","0","1","0"
"2021-08-17","Lippe","0","1","0","0"
"2021-08-17","Märkischer Kreis","0","1","0","0"
"2021-08-17","Mettmann","0","0","1","0"
"2021-08-17","Minden-Lübbecke","0","0","1","0"
"2021-08-17","Mönchengladbach","0","0","1","0"
"2021-08-17","Mülheim an der Ruhr","0","1","0","0"
"2021-08-17","Münster","0","1","0","0"
"2021-08-17","Oberbergischer Kreis","0","0","1","0"
"2021-08-17","Oberhausen","0","1","0","0"
"2021-08-17","Olpe","0","1","0","0"
"2021-08-17","Paderborn","0","1","0","0"
"2021-08-17","Recklinghausen","0","1","0","0"
"2021-08-17","Remscheid","0","1","0","0"
"2021-08-17","Rhein-Erft-Kreis","0","0","1","0"
"2021-08-17","Rheinisch-Bergischer Kreis","0","1","0","0"
"2021-08-17","Rhein-Kreis Neuss","0","1","0","0"
"2021-08-17","Rhein-Sieg-Kreis","0","1","0","0"
"2021-08-17","Siegen-Wittgenstein","0","1","0","0"
"2021-08-17","Soest","0","1","0","0"
"2021-08-17","Solingen","0","0","1","0"
"2021-08-17","Steinfurt","0","1","0","0"
"2021-08-17","Unna","0","1","0","0"
"2021-08-17","Viersen","0","1","0","0"
"2021-08-17","Warendorf","0","1","0","0"
"2021-08-17","Wesel","0","1","0","0"
"2021-08-17","Wuppertal","0","0","1","0"
"2021-08-18","Städteregion Aachen","0","1","0","0"
"2021-08-18","Bielefeld","0","1","0","0"
"2021-08-18","Bochum","0","0","1","0"
"2021-08-18","Bonn","0","0","1","0"
"2021-08-18","Borken","0","1","0","0"
"2021-08-18","Bottrop","0","1","0","0"
"2021-08-18","Coesfeld","1","0","0","0"
"2021-08-18","Dortmund","0","1","0","0"
"2021-08-18","Duisburg","0","0","1","0"
"2021-08-18","Düren","0","1","0","0"
"2021-08-18","Düsseldorf","0","0","1","0"
"2021-08-18","Ennepe-Ruhr-Kreis","0","1","0","0"
"2021-08-18","Essen","0","1","0","0"
"2021-08-18","Euskirchen","0","1","0","0"
"2021-08-18","Gelsenkirchen","0","0","1","0"
"2021-08-18","Gütersloh","0","0","1","0"
"2021-08-18","Hagen","0","0","1","0"
"2021-08-18","Hamm","0","1","0","0"
"2021-08-18","Heinsberg","0","1","0","0"
"2021-08-18","Herford","0","0","1","0"
"2021-08-18","Herne","0","0","1","0"
"2021-08-18","Hochsauerlandkreis","0","1","0","0"
"2021-08-18","Höxter","0","1","0","0"
"2021-08-18","Kleve","0","1","0","0"
"2021-08-18","Köln","0","0","1","0"
"2021-08-18","Krefeld","0","0","1","0"
"2021-08-18","Leverkusen","0","0","1","0"
"2021-08-18","Lippe","0","1","0","0"
"2021-08-18","Märkischer Kreis","0","1","0","0"
"2021-08-18","Mettmann","0","0","1","0"
"2021-08-18","Minden-Lübbecke","0","0","1","0"
"2021-08-18","Mönchengladbach","0","0","1","0"
"2021-08-18","Mülheim an der Ruhr","0","1","0","0"
"2021-08-18","Münster","0","1","0","0"
"2021-08-18","Oberbergischer Kreis","0","0","1","0"
"2021-08-18","Oberhausen","0","1","0","0"
"2021-08-18","Olpe","0","1","0","0"
"2021-08-18","Paderborn","0","1","0","0"
"2021-08-18","Recklinghausen","0","1","0","0"
"2021-08-18","Remscheid","0","1","0","0"
"2021-08-18","Rhein-Erft-Kreis","0","0","1","0"
"2021-08-18","Rheinisch-Bergischer Kreis","0","1","0","0"
"2021-08-18","Rhein-Kreis Neuss","0","1","0","0"
"2021-08-18","Rhein-Sieg-Kreis","0","1","0","0"
"2021-08-18","Siegen-Wittgenstein","0","1","0","0"
"2021-08-18","Soest","0","1","0","0"
"2021-08-18","Solingen","0","0","1","0"
"2021-08-18","Steinfurt","0","1","0","0"
"2021-08-18","Unna","0","1","0","0"
"2021-08-18","Viersen","0","1","0","0"
"2021-08-18","Warendorf","0","1","0","0"
"2021-08-18","Wesel","0","1","0","0"
"2021-08-18","Wuppertal","0","0","1","0"
